imei,grade,type,region,a1,a2,a3,a4,a5,a6,a7,a8,a9,a10,x1,y1,x2,y2,x3,y3,x4,y4,x5,y5,x6,y6,x7,y7,x8,y8,x9,y9,x10,y10
test1,A,Scratch,T1,643.16,767.03,286.29,548.34,950.64,392.66,450.38,731.04,112.52,400.0,2802.024,1924.445,3601.5,1593.754,3413.941,621.03,3279.385,452.936,3513.176,745.131,3245.57,1200.287,3451.553,657.093,3615.563,942.563,2695.91,437.901,3200.179,1740.9
test1,A,Scratch,T2,775.66,103.52,815.09,888.4,543.16,644.17,328.6,259.83,770.59,540.0,3539.671,3531.953,3409.831,3111.399,2693.06,3567.592,3157.842,3096.755,3441.46,4063.184,3456.169,3550.769,3490.98,2554.685,2576.703,2553.501,3308.916,3675.355,3485.521,3939.0
test1,A,Scratch,T3,119.56,498.85,771.38,812.41,335.0,308.47,34.61,778.03,193.31,1105.977685,2818.393,5368.656,2923.973,6238.48,2748.099,5985.752,3305.119,5610.385,3179.149,5320.83,2587.981,5157.608,2915.284,5365.228,3442.83,5084.611,2801.879,5959.838,147.7604685,986.227874
test1,A,Scratch,T4,703.74,115.0,318.68,699.7,520.1,999.1,924.45,205.32,959.95,177.2702239,1626.553,5912.054,1964.025,4592.167,924.6098951,668.7267799,597.1513783,549.9162983,697.6331811,2.428697066,889.6939671,442.9142093,332.5320444,608.4210393,107.8111224,288.3807774,195.6161507,377.2498364,299.8314262,928.664174
test2,D,Scratch,T1,500.0,420.0,0.0,0.0,0.0,0.0,0.0,0.0,0.0,0.0,1774.871,369.655,1915.591,410.407,0.0,0.0,0.0,0.0,0.0,0.0,0.0,0.0,0.0,0.0,0.0,0.0,0.0,0.0,0.0,0.0
test2,D,Scratch,T2,924.0,500.0,456.0,420.0,0.0,0.0,0.0,0.0,0.0,0.0,1895.272,1323.853,1833.301,1771.408,1880.777,1687.286,1761.722,1440.15,0.0,0.0,0.0,0.0,0.0,0.0,0.0,0.0,0.0,0.0,0.0,0.0
test2,D,Scratch,T3,1344.0,632.0,632.0,568.0,484.0,476.0,476.0,444.0,0.0,0.0,2126.985,2260.777,2030.696,2276.338,1760.826,2602.518,2178.13,2342.192,1998.884,2260.013,2229.069,2245.986,2227.258,2258.123,2041.086,2509.451,0.0,0.0,0.0,0.0
test2,D,Scratch,T4,0.0,0.0,0.0,0.0,0.0,0.0,0.0,0.0,0.0,0.0,0.0,0.0,0.0,0.0,0.0,0.0,0.0,0.0,0.0,0.0,0.0,0.0,0.0,0.0,0.0,0.0,0.0,0.0,0.0,0.0
